"","logFC","AveExpr","t","P.Value","adj.P.Val","B"
"gene11796",-1.26208026208025,5.55140186915888,-8.39227770277301,5.88613560196181e-15,7.08396419696104e-11,23.2572927414745
"gene7364",-0.982596232596179,7.47196261682243,-7.59821499404602,8.62918592780449e-13,5.19261263205635e-09,18.5159958403608
"gene11454",-1.32043407043404,6.23831775700935,-7.36854250397147,3.47293546773272e-12,1.30154905857391e-08,17.1935397457442
"gene11689",-1.07698607698609,4.96728971962617,-7.33194994995282,4.32587971275083e-12,1.30154905857391e-08,16.985027616906
"gene11227",-1.20352170352169,5.92523364485981,-7.2630155585815,6.53145623234678e-12,1.57212151512587e-08,16.5938972640798
"gene3259",-2.36957411957406,9.46728971962617,-6.9626315631561,3.82946994812273e-11,5.76095885320714e-08,14.9157596121071
"gene3261",-2.36957411957406,9.46728971962617,-6.9626315631561,3.82946994812273e-11,5.76095885320714e-08,14.9157596121071
"gene3262",-2.36957411957406,9.46728971962617,-6.9626315631561,3.82946994812273e-11,5.76095885320714e-08,14.9157596121071
"gene11360",-1.06511056511055,5.99065420560748,-6.93149381544833,4.58835470667597e-11,6.13564987720503e-08,14.7443111254914
"gene4734",-0.851556101556003,7.85046728971963,-6.85984375543861,6.94263525542828e-11,8.35546152990794e-08,14.3516331645158
"gene10867",-0.713349713349662,5.35514018691589,-6.80779744087014,9.36409521761501e-11,1.02451714494542e-07,14.0680151254287
"gene935",-1.69983619983615,9.17289719626168,-6.79200733747639,1.02510534131138e-10,1.02809523189021e-07,13.9822417302131
"gene11372",-1.0380835380835,6.00934579439252,-6.71882141203965,1.55668093556378e-10,1.44112731227001e-07,13.5863585607643
"gene11629",-1.2698607698608,6.24299065420561,-6.65963818032964,2.17784469886505e-10,1.87216863934578e-07,13.268247887971
"gene11189",-1.17199017199015,6.7803738317757,-6.57380463472665,3.53254325135078e-10,2.83427720200044e-07,12.810158028595
"gene9760",-0.818591318591313,6.13084112149533,-6.55961896339614,3.82506883711338e-10,2.87716896591622e-07,12.7348257727602
"gene9761",-0.571253071253082,5.51401869158879,-6.44340397365437,7.31003243621488e-10,4.88833827903939e-07,12.121742447878
"gene9409",-1.47113022113013,6.52803738317757,-6.43736582617693,7.55868395927036e-10,4.88833827903939e-07,12.0900885743511
"gene8224",-0.822686322686313,5.91588785046729,-6.43256461434275,7.76230985140176e-10,4.88833827903939e-07,12.0649333100346
"gene8305",-0.92403767403771,7.84579439252336,-6.42434398518265,8.12353681601893e-10,4.88833827903939e-07,12.0218917436963
"gene7265",-0.790745290745254,5.89252336448598,-6.41439127216202,8.58301530436787e-10,4.91888519943177e-07,11.9698308193675
"gene7182",-1.98505323505321,7.55140186915888,-6.28219872344618,1.77314378021378e-09,9.69990245221492e-07,11.2835417759777
"gene7719",-1.02702702702693,8.28971962616822,-6.22969055532345,2.35897652710359e-09,1.18292843765382e-06,11.0136494413124
"gene7720",-1.02702702702693,8.28971962616822,-6.22969055532345,2.35897652710359e-09,1.18292843765382e-06,11.0136494413124
"gene10626",-0.57330057330058,5.90654205607477,-6.21240737111347,2.59049699236675e-09,1.24173762765397e-06,10.9251546141791
"gene4330",-0.858927108927103,8.16355140186916,-6.20594926627397,2.68260725542195e-09,1.24173762765397e-06,10.8921307962678
"gene1305",1.11711711711708,9.4392523364486,6.17198119313066,3.22253883516927e-09,1.43641684745416e-06,10.7188245492535
"gene10692",-0.831285831285791,6.36448598130841,-6.16206812996515,3.39927283808042e-09,1.46108030736778e-06,10.6683720096078
"gene8768",-0.751228501228518,6.61682242990654,-6.11735927414944,4.32175341523841e-09,1.79352766732394e-06,10.4415273166001
"gene436",-0.631654381654348,10.5934579439252,-6.09402938369389,4.89635194675793e-09,1.96425318930772e-06,10.323613361205
"gene8025",-0.819819819819879,6.76635514018692,-6.0835612705001,5.17789444522075e-09,1.99618204715155e-06,10.2708078895987
"gene9421",-0.714987714987656,5.36915887850467,-6.0754581771802,5.40666077776445e-09,1.99618204715155e-06,10.2299762422506
"gene7785",-0.633292383292376,5.60747663551402,-6.07315278095852,5.47353614923149e-09,1.99618204715155e-06,10.2183662801254
"gene11728",-0.695331695331696,5.70093457943925,-6.03406802126074,6.73869447672998e-09,2.38529964786604e-06,10.022007206558
"gene6640",-0.688370188370138,6.76635514018692,-6.02147846017269,7.20413695150855e-09,2.4405051999901e-06,9.95894834934597
"gene10898",-0.790335790335773,7.01401869158879,-6.01897888277079,7.30022328206429e-09,2.4405051999901e-06,9.94643947480529
"gene9652",-0.875921375921373,6.6214953271028,-5.9701461451148,9.44998825771399e-09,3.07380023463751e-06,9.70279890279038
"gene1219",-0.633087633087596,8.66822429906542,-5.95131845631526,1.04348546538213e-08,3.24096001971504e-06,9.60923855033874
"gene8188",-1.00470925470924,6.91121495327103,-5.95009011996896,1.05024878079673e-08,3.24096001971504e-06,9.60314189092261
"gene7006",-0.572686322686308,6.58878504672897,-5.94261828265361,1.09232295714178e-08,3.27262899197376e-06,9.56607588095428
"gene3143",-0.611384111384011,8.60747663551402,-5.93872479091004,1.11489645758973e-08,3.27262899197376e-06,9.54677434760319
"gene7802",-0.911957411957424,6.42990654205607,-5.90627899734356,1.32163305760599e-08,3.77936111634312e-06,9.38627943538485
"gene7827",-0.556306306306236,7.44859813084112,-5.90217285994946,1.35033259661615e-08,3.77936111634312e-06,9.36601302340605
"gene11121",-0.876330876330853,6,-5.89643360718238,1.39147044235662e-08,3.80598790312772e-06,9.33770305805467
"gene1292",-0.700450450450383,11.1822429906542,-5.88864024101661,1.44929958620791e-08,3.87266713184825e-06,9.29929238526692
"gene7809",-0.566543816543778,6.91121495327103,-5.8845990637854,1.4802051355631e-08,3.87266713184825e-06,9.27938923370339
"gene10979",-0.81859131859133,5.63084112149533,-5.85900868109411,1.69142008497308e-08,4.20290580619165e-06,9.15358225296358
"gene9290",-0.562244062244031,6.18691588785047,-5.85790683865508,1.70114724912709e-08,4.20290580619165e-06,9.1481742488058
"gene9312",-0.735872235872217,6.17289719626168,-5.85677506920829,1.71119555050595e-08,4.20290580619165e-06,9.14262012068281
"gene6329",-0.530098280098292,6.22429906542056,-5.83822587988123,1.88439496075406e-08,4.53573867053501e-06,9.05170066518896
"gene1946",-1.02334152334145,9.88317757009346,-5.82962289250057,1.9704316293702e-08,4.64983228617066e-06,9.00960345815496
"gene10756",-0.731981981982003,5.82710280373832,-5.82101276235112,2.06038047212422e-08,4.76859211192596e-06,8.96751619025576
"gene7968",0.571457821457828,6.04672897196262,5.81272494887199,2.15074707376248e-08,4.80640651704621e-06,8.92704691984051
"gene10313",-0.754095004094983,5.76635514018692,-5.8122005971466,2.15659287013291e-08,4.80640651704621e-06,8.92448792096316
"gene11250",-1.14209664209663,5.64953271028037,-5.80568987812196,2.23048464742713e-08,4.88070595123373e-06,8.89272751227474
"gene10401",-0.624692874692832,6.1588785046729,-5.78033732305066,2.54252697705832e-08,5.46416288730301e-06,8.7692992660939
"gene9401",-1.1220311220311,6.10280373831776,-5.77040274838402,2.6761019675474e-08,5.65033108411104e-06,8.72103999616893
"gene7569",-0.716011466011437,6.56542056074766,-5.74808071514402,3.00173067928896e-08,6.2285911595246e-06,8.61282639927047
"gene9809",-0.817772317772252,6.87383177570093,-5.7113778751433,3.62309881051631e-08,7.39050748890912e-06,8.43556237021962
"gene11664",-0.752866502866465,6.13084112149533,-5.6680104243071,4.52023410192516e-08,8.91819957650316e-06,8.22718257131377
"gene2191",-0.596027846027868,8.16355140186916,-5.65534492990345,4.82087647538113e-08,9.35794328729225e-06,8.16654534753842
"gene4275",-0.748566748566788,9.90654205607477,-5.6025918542602,6.29705069627326e-08,1.16592315584075e-05,7.91506225770742
"gene10752",-0.618959868959815,4.85981308411215,-5.59661717006889,6.48976199225479e-08,1.18339826631495e-05,7.88668982430004
"gene11964",-0.570024570024597,4.8785046728972,-5.58876550120083,6.75178165933549e-08,1.2061986205275e-05,7.84943814060683
"gene9093",-0.672399672399663,5.50467289719626,-5.58690841502037,6.81524771050018e-08,1.2061986205275e-05,7.84063300027581
"gene7196",-0.587223587223624,8.27570093457944,-5.57347522097692,7.29197449755106e-08,1.27186830547865e-05,7.77700590364594
"gene4691",-1.4621212121212,5.70093457943925,-5.56269633702239,7.69787769921977e-08,1.32348511585871e-05,7.72603342111101
"gene3884",-0.60257985257979,9.2196261682243,-5.54454570341401,8.43168943379978e-08,1.42923073712367e-05,7.64036651626224
"gene8093",-0.621212121212137,6.69158878504673,-5.53346025970133,8.91294758344474e-08,1.48982394676052e-05,7.58814838346971
"gene11281",-0.567158067158073,4.72897196261682,-5.51872857468746,9.59412002323477e-08,1.56354361777042e-05,7.51887533452011
"gene11158",-0.673628173628134,6.14018691588785,-5.51731288034281,9.66219069556524e-08,1.56354361777042e-05,7.5122255593268
"gene4909",-0.814496314496342,8.34579439252336,-5.51562984631775,9.74372840322238e-08,1.56354361777042e-05,7.50432170042549
"gene4789",-0.850532350532268,8.15420560747664,-5.50380052817326,1.03360450228735e-07,1.61551041364003e-05,7.44881980048724
"gene8108",-0.790950040949948,7.33177570093458,-5.4997089670368,1.05489719270309e-07,1.62765227104893e-05,7.42964339615182
"gene5459",-1.14291564291556,7.90654205607477,-5.49703772947278,1.06902842541075e-07,1.62857684807827e-05,7.41712955446549
"gene3434",-1.31654381654379,6.39252336448598,-5.4875711408666,1.12060871012982e-07,1.68581572830155e-05,7.37281849060928
"gene11799",-0.507166257166249,5.02803738317757,-5.46498740866518,1.25364680018303e-07,1.86267151113615e-05,7.26734044411171
"gene10054",-0.703931203931221,7.64953271028037,-5.46239811283784,1.26984939417407e-07,1.86373627547377e-05,7.25526794229534
"gene3260",-1.42854217854218,6.16355140186916,-5.415994127694,1.59729440537918e-07,2.2748091123429e-05,7.03964217426352
"gene6491",-0.600327600327573,6.88785046728972,-5.41596874789766,1.59749423234666e-07,2.2748091123429e-05,7.03952462168831
"gene7118",-0.703726453726381,7.21028037383178,-5.41481081664457,1.60663709637845e-07,2.2748091123429e-05,7.03416182996993
"gene10677",-1.13615888615889,5.41121495327103,-5.41233809177091,1.6263322610481e-07,2.27591962345511e-05,7.0227126631049
"gene10293",-0.80159705159696,6.67289719626168,-5.40795695716996,1.66180652373696e-07,2.29883235783613e-05,7.00243692173589
"gene10073",-0.524570024569996,6.86448598130841,-5.39516126041233,1.76978118786063e-07,2.36659073287808e-05,6.94329001981555
"gene9456",-0.520679770679709,6.01869158878505,-5.38250786961012,1.88325709136312e-07,2.49065924115991e-05,6.88490530665843
"gene10273",-0.596642096642083,6.48130841121495,-5.37576803505845,1.94655896304245e-07,2.5463953391539e-05,6.85384910324661
"gene7667",-0.567567567567592,7.10747663551402,-5.36689221627032,2.0330890182446e-07,2.62925810813827e-05,6.81299565532417
"gene11927",-0.731572481572435,5.94859813084112,-5.3646563397215,2.05546992958243e-07,2.62925810813827e-05,6.80271249148864
"gene7094",-0.568386568386474,7.86448598130841,-5.36268095867802,2.07544262794462e-07,2.62925810813827e-05,6.79363009847859
"gene3457",0.644348894348952,7.17289719626168,5.33924475720785,2.32729649313671e-07,2.88752714380416e-05,6.68606951497287
"gene2129",-0.527231777231821,9.57476635514019,-5.33566076302562,2.36834381921131e-07,2.90847121063349e-05,6.6696523792896
"gene8632",-1.70106470106473,7.80841121495327,-5.33038307692177,2.43007367741622e-07,2.95413502098023e-05,6.64549227899792
"gene6211",0.78624078624074,8.27102803738318,5.32509769462623,2.49346083971708e-07,2.99012581440689e-05,6.62131522239085
"gene11863",0.500614250614219,5.02803738317757,5.32377554546932,2.5095670114919e-07,2.99012581440689e-05,6.61527014373273
"gene465",-0.659500409500431,9.33177570093458,-5.32176805658189,2.53421548042794e-07,2.99012581440689e-05,6.60609377177442
"gene6259",-0.630425880425943,6.95794392523364,-5.31908880408291,2.5674791287548e-07,2.99996226354991e-05,6.59385083716204
"gene6545",-0.739148239148122,7.70093457943925,-5.30847547641699,2.70346872813232e-07,3.09869010886404e-05,6.54539915429938
"gene9656",-0.565110565110635,6.83644859813084,-5.27632664652376,3.15952802358075e-07,3.58725658149003e-05,6.39908611435092
"gene5757",-0.822481572481468,7.97663551401869,-5.2662363494087,3.31749627864155e-07,3.71460798000609e-05,6.35330448469784
"gene6555",-0.576576576576448,7.93457943925234,-5.26520658271088,3.33404290170662e-07,3.71460798000609e-05,6.34863601632607
"gene3946",-0.531531531531449,9.29906542056075,-5.26333696717872,3.36428973677328e-07,3.71460798000609e-05,6.34016186771296
"gene8197",0.518427518427528,6.31308411214953,5.24280999717976,3.71441804147877e-07,4.06391101174519e-05,6.24727422156129
"gene3433",-1.0687960687961,5.89719626168224,-5.23149137409741,3.92236702916237e-07,4.2147934996401e-05,6.19617520368146
"gene3435",-1.0687960687961,5.89719626168224,-5.23149137409741,3.92236702916237e-07,4.2147934996401e-05,6.19617520368146
"gene2180",-0.614455364455431,9.19626168224299,-5.22080842245182,4.12898635741685e-07,4.39755316916034e-05,6.14802404790697
"gene10571",-0.667895167895153,6.8411214953271,-5.21201775152523,4.30690205648475e-07,4.50726663041687e-05,6.10845888838462
"gene10871",-0.698198198198186,6.35046728971963,-5.16934450254,5.28189288905282e-07,5.43312657433767e-05,5.91712727199447
"gene1719",-0.508599508599513,9.60280373831776,-5.15196532520444,5.73763314397001e-07,5.85189956675246e-05,5.83955458276334
"gene11362",-0.770475020475003,6.40654205607477,-5.14260949842624,5.99854829091617e-07,6.06659904883833e-05,5.79787845913994
"gene4690",-1.21212121212119,5.87383177570093,-5.13032179768311,6.35877416023385e-07,6.29704167333944e-05,5.74323159981882
"gene10549",-0.536855036855044,5.2196261682243,-5.12950748656767,6.38337419316504e-07,6.29704167333944e-05,5.73961372301824
"gene10092",-0.675266175266186,5.65420560747664,-5.12557146779322,6.50358767735308e-07,6.36346973145888e-05,5.72213281401669
"gene5615",-0.748976248976194,7.28504672897196,-5.07337214817151,8.32118490128951e-07,7.88546931393852e-05,5.49129216698912
"gene10345",-0.510647010647041,5.49532710280374,-5.06574994719998,8.62477437901679e-07,8.07276803355989e-05,5.45773915594744
"gene8806",-0.549344799344828,5.51401869158879,-5.06372802918971,8.70709197981985e-07,8.07276803355989e-05,5.44884528131535
"gene8191",-0.756961506961472,5.41588785046729,-5.06033348385815,8.84700872304414e-07,8.07276803355989e-05,5.43391984313928
"gene2937",-0.633087633087645,6.66822429906542,-5.05049971513442,9.26475299634457e-07,8.32099270977663e-05,5.39072614635232
"gene10193",-0.621212121212071,5.19158878504673,-5.04675538440045,9.42878857635865e-07,8.40559040862788e-05,5.3742969285348
"gene2786",-0.587428337428303,8.71495327102804,-5.03979831537123,9.74107713504726e-07,8.62013700884513e-05,5.34379638497755
"gene531",-0.531736281736181,6.73831775700935,-5.01430007655198,1.09736367375e-06,9.63997942597173e-05,5.23229208035493
"gene10129",-0.724815724815699,5.95327102803738,-5.00772947476758,1.13149690191496e-06,9.86780088010615e-05,5.20363082912013
"gene6526",-0.539721539721467,7.86915887850467,-4.98866183805897,1.23647582412426e-06,0.000106731489040497,5.12062468902064
"gene11690",-0.6013513513513,6.58411214953271,-4.98589847385538,1.25245175027894e-06,0.000106731489040497,5.10861580567012
"gene3448",-0.50962325962325,8.79906542056075,-4.98472158386022,1.25931628115917e-06,0.000106731489040497,5.103502933575
"gene9387",-0.602784602784586,5.6588785046729,-4.96323911448118,1.39121292145676e-06,0.000116272552150917,5.01034225700678
"gene7484",-0.635749385749437,6.8785046728972,-4.95881309252298,1.42000293731773e-06,0.000117860243797371,4.99118794331643
"gene10384",-0.602170352170346,5.8411214953271,-4.94924080250811,1.48425417894535e-06,0.000121517000296649,4.94980860573078
"gene10314",-0.551597051597079,5.34579439252336,-4.94298080926326,1.52778513898902e-06,0.000123401974145858,4.92278200339261
"gene962",-0.507985257985284,10.785046728972,-4.92583474469716,1.65343854658126e-06,0.000130915348079641,4.84889530231098
"gene9135",-0.610565110565183,6.85046728971963,-4.91717462274978,1.72064830122734e-06,0.000135346420295889,4.81165413302387
"gene4863",-0.589066339066347,8.72897196261682,-4.90154900346613,1.84866273632958e-06,0.000142619589946965,4.74459099612524
"gene8990",-0.560401310401247,4.73364485981308,-4.88726090549609,1.97374880394215e-06,0.000150912960944547,4.68341703375007
"gene8620",-0.858108108108073,4.90654205607477,-4.886433031924,1.98124202984947e-06,0.000150912960944547,4.67987688374574
"gene5474",-0.633906633906675,6.92523364485981,-4.88438936202428,1.99985762060147e-06,0.000151241314520992,4.6711397960686
"gene10861",0.507575757575794,6.09345794392523,4.87541328811921,2.0836422670828e-06,0.000154899542178983,4.63279983624936
"gene10057",-0.657248157248169,8.5,-4.87526417498865,2.08506238745286e-06,0.000154899542178983,4.63216339671017
"gene6896",-0.640663390663294,7.92056074766355,-4.87251374990304,2.11142529793839e-06,0.000155895726752691,4.62042691199805
"gene7791",-0.516994266994233,7.11214953271028,-4.86087010587747,2.22664456127173e-06,0.000161446953291625,4.57080027079226
"gene7599",-0.702293202293185,6.63551401869159,-4.85786614037062,2.25734281355383e-06,0.000162514842257988,4.55801238949113
"gene10674",-0.823505323505294,6.17289719626168,-4.85648961859233,2.27154615428099e-06,0.000162514842257988,4.5521546465938
"gene11155",-0.553235053235061,4.85981308411215,-4.85547268773996,2.28209458592438e-06,0.000162514842257988,4.54782798305973
"gene3576",-0.635339885339821,8,-4.85084077606106,2.33074258201817e-06,0.000165002864556404,4.52813007969603
"gene5412",-0.621416871416838,6.13084112149533,-4.84234503318685,2.42258974757785e-06,0.00016951085820988,4.49203973182799
"gene7309",-0.544226044226105,7.03271028037383,-4.82439908563701,2.62824330256244e-06,0.000180346145135995,4.41597094206946
"gene5560",-0.588656838656829,6.35046728971963,-4.82433070778595,2.62905824835822e-06,0.000180346145135995,4.41568153665464
"gene1164",-0.569819819819806,10.4392523364486,-4.81787420270923,2.70711862122859e-06,0.000183034677564528,4.38836955787833
"gene2787",-0.572072072072103,9.27102803738318,-4.81201320257292,2.77991479380295e-06,0.000186906561695076,4.36360205805723
"gene4266",0.901310401310458,7.91121495327103,4.80351895079633,2.88878322574598e-06,0.000192080144319629,4.32774987399485
"gene9346",-0.707411957411988,7.11682242990654,-4.80030365742972,2.93105793610966e-06,0.000192761105251802,4.31419216910787
"gene6549",-0.633701883701784,6.98598130841121,-4.79587987309143,2.99019979731354e-06,0.000194524619246857,4.29555062477993
"gene3727",0.761875511875489,7.54205607476636,4.7942564624094,3.01219106102505e-06,0.000194717207690887,4.28871314039071
"gene11320",0.772113022113058,5.07943925233645,4.78528827896235,3.13652065998702e-06,0.000200787373100765,4.25097447037397
"gene10423",-0.68140868140862,6.83177570093458,-4.76269948547152,3.47203600444275e-06,0.000218774624677845,4.15617152778838
"gene5272",0.966625716625782,8.28971962616822,4.75541110715751,3.58750045371871e-06,0.000224872749794295,4.12566006422423
"gene5175",-0.574324324324277,8.60280373831776,-4.75036178504758,3.66965738243246e-06,0.000228830707759454,4.10454410372896
"gene3561",-0.536650286650237,6.2803738317757,-4.7427342758381,3.79721705993951e-06,0.000235152595280513,4.07268065793503
"gene3104",-0.859336609336657,9.54205607476636,-4.7357410340216,3.91792205051862e-06,0.000240572407540774,4.04350316613527
"gene9194",-0.619369369369426,6.73831775700935,-4.72532232339737,4.10464406961777e-06,0.000248238147627386,4.00009834160718
"gene9976",-0.77825552825542,7.0981308411215,-4.70859225840677,4.42256911078695e-06,0.000264804075862293,3.93056198259277
"gene7188",-0.8302620802621,9.66822429906542,-4.7015909632711,4.5625526610875e-06,0.000266254359848449,3.90152129849845
"gene7189",-0.8302620802621,9.66822429906542,-4.7015909632711,4.5625526610875e-06,0.000266254359848449,3.90152129849845
"gene3120",0.899058149058165,7.74299065420561,4.70075593205324,4.57953074271949e-06,0.000266254359848449,3.8980600089018
"gene3728",-0.58640458640456,6.51869158878505,-4.69935158097277,4.60822189530154e-06,0.000266634377451702,3.8922399544102
"gene10215",-0.548116298116263,5.3785046728972,-4.68932192603437,4.81822910451925e-06,0.000277451613745881,3.85071504880452
"gene11758",-0.527027027027002,5.13551401869159,-4.68778964602556,4.85111486052168e-06,0.000278015082601802,3.84437742247559
"gene7384",-0.682841932841974,7.40654205607477,-4.68659629991883,4.87687624046549e-06,0.000278166850966835,3.83944281692625
"gene9708",-0.550368550368498,5.71028037383178,-4.68156123841134,4.98703061301277e-06,0.000280462212278545,3.81863356481537
"gene6914",-0.803849303849214,7.00467289719626,-4.67718046841313,5.08481904665821e-06,0.000283313876048757,3.80054319314918
"gene9150",-0.588656838656809,7.35046728971963,-4.67015272560655,5.24556680549384e-06,0.000289588974789534,3.77155090510479
"gene7601",-0.557330057330006,6.64485981308411,-4.66352736366409,5.40158942759283e-06,0.000296106422118772,3.7442510596509
"gene8978",-0.715806715806611,7.12616822429907,-4.65823633761907,5.52939268079782e-06,0.000301114212277836,3.72247199626556
"gene8075",-1.02108927108923,7.05140186915888,-4.64810904139954,5.78218974326698e-06,0.000310965100813569,3.68084187675429
"gene4681",-0.625307125307089,7.97663551401869,-4.64788913207146,5.7878007961977e-06,0.000310965100813569,3.6799387173851
"gene5488",-0.661547911547816,7.22429906542056,-4.64082396904189,5.97088891043741e-06,0.00031796304441201,3.65094088572512
"gene5406",-0.598484848484856,7.43457943925234,-4.61456599650486,6.70150402939894e-06,0.000349145458847689,3.54348467188868
"gene9857",-0.541769041769048,6.26168224299065,-4.61279802270954,6.75367533345101e-06,0.000349183486833756,3.53626743401832
"gene152",-0.51556101556104,11.5373831775701,-4.60998375054555,6.83752978514221e-06,0.00035016881261356,3.52478364995877
"gene4069",0.92485667485667,7.39719626168224,4.6013620635781,7.10071041769902e-06,0.000357734364236643,3.48963807238363
"gene8094",-0.614455364455336,6.19626168224299,-4.57369809634739,8.01266410747659e-06,0.000396841203841485,3.37723195600104
"gene2140",0.64352989352984,8.42990654205608,4.55619840902282,8.64668107700208e-06,0.000417922918721767,3.30641305541852
"gene3655",0.586199836199839,6.92056074766355,4.55063480021046,8.85817328335304e-06,0.000424733527749617,3.28394457148817
"gene2652",0.5859950859952,7.85981308411215,4.54691264444853,9.002434637707e-06,0.000427532570247667,3.26892533906551
"gene9496",-0.597256347256349,5.29906542056075,-4.54681567116032,9.006223122668e-06,0.000427532570247667,3.26853417814014
"gene6869",0.736486486486535,7.50934579439252,4.54460166083068,9.09313696666428e-06,0.000427532570247667,3.25960539529393
"gene7559",-0.699426699426624,7.48598130841121,-4.54278087517385,9.16521837340242e-06,0.000427532570247667,3.25226510948943
"gene8622",-0.51719901719897,5.55140186915888,-4.52354536716362,9.96107275295324e-06,0.00045905685479023,3.1748672333562
"gene5158",-0.511466011465979,7.75233644859813,-4.52190957938139,1.00317368350503e-05,0.00045905685479023,3.1682977909374
"gene10782",-0.53685503685502,6.2196261682243,-4.51291623237352,1.042893143127e-05,0.000473630904812585,3.13221482578577
"gene2687",0.51658476658481,9.26635514018692,4.50250311870898,1.09077270111218e-05,0.000489830203652427,3.09050948524649
"gene530",-0.516175266175255,10.8551401869159,-4.48684365745904,1.16677401134197e-05,0.000516254603915465,3.02794181689058
"gene6078",-0.51515151515149,6.6588785046729,-4.45052534354787,1.36312504999585e-05,0.000588000357587816,2.88352531190673
"gene5428",0.61036036036031,8.58878504672897,4.442471095037,1.41078205507032e-05,0.00060638435831326,2.85163003218656
"gene7794",0.684889434889477,5.70093457943925,4.42676350717654,1.50836664854037e-05,0.00064162017825876,2.78956499445529
"gene7841",-0.51392301392307,7.02336448598131,-4.42602409361839,1.51311647035581e-05,0.00064162017825876,2.78664786395828
"gene1232",-0.591932841932849,9.3785046728972,-4.38396744974142,1.80822662417146e-05,0.000745274226777519,2.62139346450115
"gene11151",-0.713963963963961,6.67289719626168,-4.37976415083783,1.84058506681987e-05,0.00075444662196177,2.60494954322895
"gene7620",-0.602784602784516,7.1588785046729,-4.37341005868299,1.8905575838931e-05,0.000761891330566693,2.58011637403496
"gene7661",0.542997542997516,6.10280373831776,4.37187194185224,1.90284846446628e-05,0.000761891330566693,2.57410960094636
"gene9814",-0.586199836199857,8.07943925233645,-4.37014554562599,1.91673512826568e-05,0.000761891330566693,2.56736964427124
"gene8333",-0.64496314496312,6.64485981308411,-4.34877021597664,2.0969274150633e-05,0.000809337484093391,2.48410320515968
"gene5246",0.535831285831263,8.47663551401869,4.34242630744305,2.15345864649149e-05,0.000823942655768842,2.45945651115542
"gene1958",0.551597051597199,9.15420560747664,4.33375240218582,2.23312104166899e-05,0.000842495665720574,2.42580626513007
"gene713",1.38984438984447,9.35514018691589,4.3302183175563,2.26638172106356e-05,0.00085237200040625,2.41211199768272
"gene11704",-0.640049140049133,6.10280373831776,-4.32530352698486,2.31342675740309e-05,0.000859323797078586,2.39308316548952
"gene1819",-0.511466011466036,8.75233644859813,-4.32381439571578,2.32786464879979e-05,0.000862026186101705,2.38732119641765
"gene2425",1.15765765765769,8.46728971962617,4.29746854763342,2.59803279675367e-05,0.000933352976385984,2.28565498667972
"gene9141",0.785831285831306,7.14953271028037,4.28147993349165,2.77636644148243e-05,0.000991500597128813,2.22421073611731
"gene5328",0.565520065520065,6.78504672897196,4.26906262351032,2.92289059850059e-05,0.00103079086820409,2.1766238401998
"gene6212",-0.647829647829667,7.29439252336449,-4.26034973947639,3.03009013794418e-05,0.00106009112820227,2.14330286100772
"gene7074",-0.505118755118733,6.13551401869159,-4.24760544411568,3.1936898807039e-05,0.00110196684744512,2.09466768834855
"gene9934",-0.556101556101497,11.0093457943925,-4.24226519670929,3.26472618859388e-05,0.00111940113047656,2.07432458191739
"gene8089",0.84643734643738,7.13084112149533,4.22461399568475,3.51043372925744e-05,0.00119344830315292,2.00723784050502
"gene10741",-0.535421785421781,6.14485981308411,-4.21446460579346,3.65961990764041e-05,0.00123371220135721,1.96877011585226
"gene9774",-0.546683046683027,5.80373831775701,-4.19180176358211,4.01492177581896e-05,0.00132517001500149,1.88315695557621
"gene11412",-0.823095823095786,5.79439252336449,-4.17949320192026,4.22146723687637e-05,0.00137437184102761,1.83682282490474
"gene7874",-0.558763308763349,7.7196261682243,-4.17766497512472,4.25299867224016e-05,0.00137593653280673,1.82995052848149
"gene5385",-0.571867321867242,7.33177570093458,-4.16552223281005,4.46820474345359e-05,0.00143018202360276,1.78437072136836
"gene10446",0.557534807534796,5.41588785046729,4.15837620343418,4.59967370023308e-05,0.00146447283021971,1.75759952720877
"gene9947",-0.56592956592958,6.09345794392523,-4.15550395237003,4.65354964003395e-05,0.00147008725355252,1.7468501972274
"gene7757",0.516789516789494,6.32710280373832,4.15236690510175,4.71308067095828e-05,0.00148437646356471,1.73511708002628
"gene2790",0.611793611793656,9.01401869158878,4.14540116809949,4.84787803924139e-05,0.00150153792517985,1.70909089361697
"gene5299",-0.552416052416037,8.10280373831776,-4.1200642976633,5.36988874190511e-05,0.00161971456162476,1.61473781236249
"gene7913",0.636158886158903,6.24299065420561,4.11658311633666,5.44566953521905e-05,0.0016222433875337,1.60181256180658
"gene1421",0.555077805077918,8.68691588785047,4.11539275464111,5.47181541059638e-05,0.00162317330899912,1.59739501232891
"gene5783",-0.515765765765785,7.47663551401869,-4.11335962640852,5.51674949173357e-05,0.00162317330899912,1.5898523901405
"gene528",0.536240786240731,7.5981308411215,4.10933935597293,5.60663947703291e-05,0.00164174954029419,1.57494709619609
"gene6418",-0.663390663390555,7.67757009345794,-4.094007311659,5.96244139383386e-05,0.00170042611788603,1.51821707603376
"gene4845",0.612817362817496,7.81775700934579,4.08834119722153,6.09930004572508e-05,0.00173283030869432,1.49729770021788
"gene6314",-0.513104013103965,6.26635514018692,-4.08487382208314,6.18452210988442e-05,0.00174720008433002,1.48450829991855
"gene2876",-0.522932022931964,7.35046728971963,-4.08082238173939,6.2855374828013e-05,0.00176869859002785,1.46957631663219
"gene10791",0.643939393939382,6.55140186915888,4.05709242096695,6.90951763672463e-05,0.00189421514255082,1.38237156489179
"gene6613",0.570434070434136,8.74299065420561,4.05428315640815,6.98717822943521e-05,0.00190681836714859,1.37207665484569
"gene3199",0.721744471744477,6.13551401869159,4.05272261924953,7.03067691748674e-05,0.00191434834167314,1.36636050333365
"gene6313",-0.538902538902601,8.61214953271028,-4.04472588315741,7.2576568363722e-05,0.00195860915546119,1.337098518708
"gene9126",-0.560810810810778,6.11214953271028,-4.03777796627494,7.46051676937162e-05,0.00198206002912555,1.31171461150892
"gene9338",0.623054873054881,5.85514018691589,4.03264743764681,7.61376716352797e-05,0.00201388324863866,1.29299445873831
"gene11767",-0.62141687141685,4.63084112149533,-4.01014342146013,8.32208003401879e-05,0.00215389748837454,1.21112356359574
"gene1731",0.612817362817405,7.81775700934579,4.00035148671704,8.64947576207125e-05,0.00222220332111393,1.17562278820568
"gene4374",0.512489762489754,6.55140186915888,3.9906838528141,8.98471120389828e-05,0.0022764420913456,1.14064585876554
"gene9052",-0.586199836199837,7.07943925233645,-3.98949003716567,9.02695509116943e-05,0.00228234043113916,1.13633175269384
"gene8166",-0.725429975429936,8.77102803738318,-3.98364023646176,9.23669878861828e-05,0.00231355641462197,1.11520830971276
"gene11804",-0.546887796887763,5.24299065420561,-3.97099775960677,9.70593227150014e-05,0.00240776776244412,1.06964787934373
"gene11805",-0.546887796887763,5.24299065420561,-3.97099775960677,9.70593227150014e-05,0.00240776776244412,1.06964787934373
"gene3398",-0.540745290745255,9.06542056074766,-3.9681719754841,9.81386831545418e-05,0.00242525472641666,1.05948149141804
"gene4658",0.574733824733805,9.01869158878505,3.95861047578506,0.000101876116782318,0.00248969817294005,1.02512812259606
"gene1762",-0.644758394758449,9.70560747663551,-3.95788842644709,0.0001021637802346,0.00248969817294005,1.02253678364695
"gene9663",-0.636363636363609,5.69626168224299,-3.95662565082053,0.000102668724638135,0.00249619818387869,1.01800582977948
"gene9166",0.8398853398854,7.18691588785047,3.94139546380636,0.000108948620391205,0.002602373819438,0.96345678523324
"gene7924",0.810810810810798,7.5607476635514,3.93538501839628,0.000111525952512964,0.00263696431924072,0.941979511750674
"gene5363",0.638206388206426,6.85046728971963,3.92398740269418,0.000116573185022487,0.00272558420885729,0.90132989371446
"gene8318",0.52927927927933,6.03271028037383,3.92385557959475,0.000116632809934483,0.00272558420885729,0.900860342446965
"gene9123",-0.949221949221928,5.87383177570093,-3.87478787143582,0.000140956120602208,0.00315317269785795,0.727031014969974
"gene2228",0.678542178542155,8.31775700934579,3.87108667330502,0.000142973899556139,0.00317363822400788,0.713995908806524
"gene5199",-0.501023751023795,7.85046728971963,-3.86859591618297,0.000144347167980645,0.00318755626907717,0.705229893591366
"gene11421",-0.580057330057305,6.4018691588785,-3.85838773803492,0.000150107155759922,0.00327221141504917,0.669354231310786
"gene8936",0.506756756756777,6.35046728971963,3.85322220087304,0.000153104188982708,0.0033200160619944,0.651231821521435
"gene5523",-0.557330057329958,8.64485981308411,-3.82081729288578,0.000173238822933184,0.00355789971672504,0.538026526913116
"gene3440",0.59090909090909,8.31775700934579,3.81133323699805,0.000179590534916348,0.00364477231510592,0.505051833295133
"gene2229",0.66564291564289,8.49065420560748,3.81065475423172,0.000180053282329068,0.00364477231510592,0.502695584141392
"gene6662",0.577190827190817,7.24766355140187,3.80097930525631,0.000186776303279942,0.00372778243776801,0.469134283596997
"gene1356",0.627149877149831,7.57009345794393,3.78605591312179,0.000197613520804092,0.00386084208259294,0.41751538314439
"gene2449",0.540950040950019,9.99532710280374,3.75458905183799,0.000222444534116961,0.00417647420920066,0.309255485114222
"gene3806",0.789107289107257,8.1214953271028,3.75259398922777,0.00022411439845172,0.00420127225134961,0.302418233403618
"gene945",0.583742833742956,9.19158878504673,3.72554479772021,0.000247956226527484,0.00452144422160344,0.210032540695859
"gene11090",0.562039312039298,5.25233644859813,3.70692601331656,0.000265738034429145,0.00474504042189134,0.146781292717871
"gene7839",-0.636568386568287,7.13551401869159,-3.69715516641122,0.000275544628958209,0.00485531421597664,0.113699370124452
"gene1825",0.522932022931981,9.14953271028037,3.67315866613838,0.00030109781718173,0.00517209538130077,0.0327783739507881
"gene8668",-0.794635544635574,8.23831775700935,-3.66625868221803,0.000308849246618869,0.00526513516286764,0.00959609427232344
"gene2563",0.864864864864888,9.0981308411215,3.66624518067194,0.000308864597007441,0.00526513516286764,0.00955076996499837
"gene6027",0.529484029484129,7.59345794392523,3.66447510653526,0.000310883297219499,0.0052845769520292,0.00360995429480848
"gene6198",0.628378378378334,7.93457943925234,3.65893078816962,0.000317287163440942,0.00535561151754802,-0.0149818216274689
"gene7826",0.585585585585589,6.73831775700935,3.64852230332532,0.000329646457288993,0.0054948685782175,-0.0498176080284427
"gene1877",0.512489762489732,9.05140186915888,3.63846601798502,0.000342017254447437,0.00561413922644719,-0.083391502614881
"gene10362",-0.503890253890266,5.5,-3.63778868863661,0.000342866001781362,0.00561413922644719,-0.0856498943256065
"gene10059",-0.515765765765706,6.47663551401869,-3.61829354029539,0.000368162453955503,0.00588874602385906,-0.150492648083652
"gene1466",0.783579033579147,7.98130841121495,3.60043506195817,0.000392867682959924,0.00617201232280128,-0.209621412548117
"gene11065",-0.592956592956562,5.07476635514019,-3.56499679359666,0.000446580352734813,0.0067286419535611,-0.326189121522297
"gene9455",0.596232596232628,5.89719626168224,3.52931157449879,0.000507585957587704,0.00735999638502171,-0.44253526649777
"gene9038",-0.630016380016378,5.57943925233645,-3.51153376893916,0.000540818825053932,0.00771179450180577,-0.500108753996424
"gene1979",0.560810810810791,8.38785046728972,3.48902914641161,0.000585817573091436,0.00814324410196101,-0.572618770959656
"gene1682",-0.606674856674851,7.50467289719626,-3.48773508240507,0.000588508949051445,0.00815979861962458,-0.576775621879033
"gene10849",-0.558149058149072,5.9018691588785,-3.48416722254588,0.000595989480604777,0.0082350555672543,-0.588229342158791
"gene7979",-0.61773136773134,7.72429906542056,-3.47952488486128,0.00060585625518628,0.00831889667151317,-0.603116754168863
"gene6501",0.609336609336702,7.78504672897196,3.47746827651611,0.00061027609175343,0.00834274536026739,-0.609706387969055
"gene2921",-0.651515151515185,7.20093457943925,-3.46854044844475,0.000629815327503019,0.00851791993138799,-0.638271979626571
"gene7059",-0.54197379197376,7.70093457943925,-3.45994538483603,0.000649178586917493,0.00872290409428223,-0.665710920889075
"gene389",0.548935298935342,9.36448598130841,3.45984147970919,0.000649416042249845,0.00872290409428223,-0.666042256449812
"gene3942",0.552416052416087,7.39719626168224,3.4578874318214,0.000653896820330412,0.00875153852744423,-0.672271723609581
"gene9332",-0.990171990171917,7.72429906542056,-3.45052987560464,0.000671029252681614,0.00890206828907266,-0.695699264854751
"gene524",-0.517813267813327,11.3691588785047,-3.3885128454245,0.00083306792640461,0.0103681204697823,-0.891395201438647
"gene197",0.674037674037796,8.98130841121495,3.37444816299294,0.000874582430875305,0.0107954867236762,-0.93533383662824
"gene414",0.54729729729732,9.3785046728972,3.36474749222733,0.000904332522517987,0.0110402544394383,-0.965543478099763
"gene10324",0.561629811629822,5.13084112149533,3.33367890695663,0.00100609070273156,0.0118708839287984,-1.06177026341876
"gene6845",0.533579033579085,7.30841121495327,3.30559597892453,0.00110715690763235,0.012714344831446,-1.14805792269943
"gene8910",0.654995904995933,7.33177570093458,3.28457816304096,0.00118889660240723,0.0133225052234367,-1.21220643272234
"gene9875",0.554873054873084,5.62616822429907,3.27004815022916,0.00124864952620381,0.0137866945393237,-1.25633743540339
"gene2729",0.555487305487275,7.80841121495327,3.26788755262027,0.00125776953611829,0.0138199164147464,-1.26288456586977
"gene2572",0.562039312039325,7.25233644859813,3.2677037410728,0.00125854826676876,0.0138199164147464,-1.26344137850023
"gene8447",0.601760851760941,7.53738317757009,3.23268680042212,0.00141535217950209,0.0150607988331632,-1.36899963895736
"gene738",0.640458640458686,9.51869158878505,3.21636621876805,0.00149446745047767,0.0157082233768548,-1.41784585433004
"gene937",0.514332514332614,8.0981308411215,3.14905253085984,0.0018660986756129,0.0183185135081576,-1.61693660153327
"gene2908",0.511261261261292,7.18691588785047,3.12016719246638,0.00205039412084674,0.0196156544073056,-1.70119391141829
"gene3899",-0.537059787059704,7.1588785046729,-3.08377127150901,0.00230653445930156,0.0213696244939909,-1.80635016997551
"gene8315",-0.745495495495415,7.81775700934579,-3.06866798713914,0.00242124200454315,0.0221045351475929,-1.8496559487588
"gene4255",0.567158067158188,7.77102803738318,3.05373892547488,0.00253977186948188,0.0227935529076916,-1.89227094761115
"gene7870",0.543611793611783,6.28504672897196,3.03895558454753,0.00266238927683757,0.0235255910034803,-1.93428240115173
"gene40",0.730343980343982,9.18691588785047,3.03298860672258,0.00271340648830261,0.0238886957474191,-1.95118649059232
"gene2843",0.5835380835381,8.13084112149533,3.02300158747226,0.002800811068976,0.0244572776104593,-1.979410942627
"gene4246",-0.555896805896765,6.57009345794393,-3.02282548848498,0.00280237522433098,0.0244572776104593,-1.97990785228277
"gene3835",0.50634725634726,8.22897196261682,2.96337998644709,0.0033787292183374,0.0281990333860545,-2.14612886980007
"gene560",0.534602784602747,10.6121495327103,2.9626178076267,0.00338677822786176,0.0282466222954375,-2.14824035293635
"gene6770",0.50225225225228,7.51401869158879,2.95020737566337,0.00352033639018765,0.0290301765404313,-2.18255090916174
"gene4193",0.654586404586382,8.21028037383178,2.94597911733375,0.00356693068318895,0.0292027284164483,-2.19421028192774
"gene3550",-0.515356265356157,8.5981308411215,-2.94039901312106,0.00362928660838259,0.0295524115912615,-2.20957376679788
"gene8357",0.526822276822262,7.80373831775701,2.87860053124611,0.00438976759330446,0.0335237178322128,-2.37792315404222
"gene2090",0.76822276822277,9.92523364485981,2.82897741954862,0.00510277258437929,0.0373778868247138,-2.51070975716091
"gene3498",0.638411138411154,6.41121495327103,2.82435583639741,0.00517427434844085,0.0376495718158922,-2.52296773039404
"gene5468",0.571048321048331,5.92523364485981,2.80752769372334,0.00544239580897844,0.0391411867474743,-2.567444414528
"gene502",0.90417690417693,9.76168224299065,2.7945350775401,0.00565797809025333,0.0401733134608843,-2.60161500080845
"gene1212",0.678746928747042,9.8785046728972,2.75843995790852,0.00629820463121012,0.0433384178025236,-2.69577181329599
"gene2311",0.524570024570044,9.63551401869159,2.70228505002079,0.00742547576403192,0.0487957574537677,-2.83998883007552
"gene330",0.514946764946753,10.2803738317757,2.69571612277616,0.00756860411619404,0.0493970447605181,-2.8566783591879
"gene3353",0.544021294021263,8.90654205607477,2.69192777995243,0.00765227490459695,0.0497811505280131,-2.86628607337416
"gene5162",0.585176085176102,6.61682242990654,2.60483786240715,0.00982077794373284,0.0588692829184714,-3.08367001259635
"gene598",0.562858312858413,9.99532710280374,2.58998611317135,0.0102412691841001,0.0607160958771647,-3.12007246095811
"gene7243",0.547297297297406,7.3785046728972,2.5561567261065,0.0112598697831698,0.064041839716658,-3.20226024524746
"gene519",0.549140049140018,10.9252336448598,2.50442926258305,0.0129929522074359,0.0706234604390817,-3.32596484733954
"gene1805",0.51494676494688,8.2803738317757,2.43604510347078,0.0156470106874477,0.0800060686774159,-3.48584102627779
"gene8399",0.580057330057338,6.5981308411215,2.38857516525204,0.0177615288411163,0.0872436439926617,-3.59435988859697
"gene108",0.574324324324269,10.8971962616822,2.36376410170952,0.018964034929362,0.0912928641499485,-3.65027402963291
"gene1560",0.543407043407161,8.72429906542056,2.33208421866961,0.0206032630943647,0.096821660031503,-3.72086224077943
"gene1202",0.575143325143392,10.6401869158879,2.11748992243917,0.0353448693225183,0.136952833965392,-4.17508934470693
"gene6350",-0.50327600327598,5.68224299065421,-2.08525067915233,0.0382039168815183,0.14335241698416,-4.23970589133796
"gene624",0.566953316953406,10.7102803738318,2.08006677554821,0.0386816397251196,0.144396257472647,-4.25000711122769
"gene10449",0.515561015561048,5.96261682242991,2.04884757796115,0.0416680171183656,0.151411408822322,-4.3115236702072
